<?xml version="1.0" encoding="UTF-8"?>
<?xml-stylesheet type="text/xsl" href="all_display_XSL.xsl"?>
<animeList>
<!-- 奉捷新增15条 -->
	<anime id="shaoniangexing" episode_num="unkown" update_cycle="weekly" isfinished="false">
		<name language="Chinese">少年歌行</name>
		<images>
			<thumbnail size="100">https://i0.hdslb.com/bfs/bangumi/6cd0e3278712e04aef36723e44a805c432bc5c61.jpg@450w_600h.webp</thumbnail>
			<preview>https://i0.hdslb.com/bfs/bangumi/6cd0e3278712e04aef36723e44a805c432bc5c61.jpg@450w_600h.webp</preview>
		</images>
		<seasons current_season="1"/>
		<type>武侠</type>
		<description>寒水寺忘忧大师坐化后，一口神秘的黄金棺材入世，掀起江湖纷争。各方势力针锋相对，雷无桀、萧瑟、唐莲、司空千落、天女蕊等相继卷入争端，一场围绕黄金棺材的故事即将上演。策马江湖梦，倚剑踏歌行。黄金棺材的秘密，逐渐浮现……</description>
		<episode_list current_episode="16">
			<episode href="https://www.bilibili.com/bangumi/play/ep259013">1</episode>
		</episode_list>
		<price_list>
			<platform platform_name="bilibili">
				<price currency="CNY" period="monthly" estimated_cost="90">
					15
				</price>
				<price currency="CNY" period="quarterly" estimated_cost="136">
					68
				</price>
				<price currency="CNY" period="annually" estimated_cost="148">
					148
				</price>
			</platform>
		</price_list>
	</anime>
	<anime id="buliangren3" episode_num="unkown" update_cycle="weekly" isfinished="false">
		<name language="Chinese">画江湖之不良人 第三季</name>
		<images>
			<thumbnail size="100">https://i0.hdslb.com/bfs/bangumi/8f19c704a6516bab4716931db10621c1b6c6e4bf.jpg@450w_600h.webp</thumbnail>
			<preview>https://i0.hdslb.com/bfs/bangumi/8f19c704a6516bab4716931db10621c1b6c6e4bf.jpg@450w_600h.webp</preview>
		</images>
		<seasons current_season="3"/>
		<type>武侠</type>
		<description>《画江湖之不良人》第三季侠影归来，再现唐末乱世风云！王者弈天下 大唐生死局！乾陵被毁、龙泉宝藏下落不明，前朝皇子李星云欲归隐山林，不良帅决心挟天子以令诸侯，号召江湖各大势力复辟大唐，王道与霸道将在这片权力漩涡中进行终极对垒！贵妃墓、长安城诉说着昔日盛唐的锦绣江山；苗疆巫蛊、湘西赶尸揭开了江湖中不为人知的明争暗斗......</description>
		<episode_list current_episode="21">
			<episode href="https://www.bilibili.com/bangumi/play/ep253576">1</episode>
		</episode_list>
		<price_list>
			<platform platform_name="bilibili">
				<price currency="CNY" period="monthly" estimated_cost="90">
					15
				</price>
				<price currency="CNY" period="quarterly" estimated_cost="136">
					68
				</price>
				<price currency="CNY" period="annually" estimated_cost="148">
					148
				</price>
			</platform>
		</price_list>
	</anime>
	<anime id="aotushijie3" episode_num="unkown" update_cycle="weekly" isfinished="false">
		<name language="Chinese">凹凸世界 第三季</name>
		<images>
			<thumbnail size="100">https://i0.hdslb.com/bfs/bangumi/8155078332f0d9ce724eda922a14c0f7c9c826ca.jpg@450w_600h.webp</thumbnail>
			<preview>https://i0.hdslb.com/bfs/bangumi/8155078332f0d9ce724eda922a14c0f7c9c826ca.jpg@450w_600h.webp</preview>
		</images>
		<seasons current_season="3"/>
		<type>Blood</type>
		<description>凹凸世界的创世神是一位很肆意随性的神明，他创造了凹凸世界的无数星球和人民，又随心所欲地统治着他们。同时他还设立了七神使，让他们代行神旨。但是，创世神也不是完全不给他的子民机会——只要在“凹凸大赛”中获得最终的胜利，那么就能得到一切，并赐予你与“七神使”一样代神统治世界的权力。然而，以上这些，都只是虚伪的表象。这场比赛注定没有胜利者。直到，我们的主角——金，出现在了赛场上。</description>
		<episode_list current_episode="9">
			<episode href="https://www.bilibili.com/bangumi/play/ep253576">1</episode>
		</episode_list>
		<price_list>
			<platform platform_name="bilibili">
				<price currency="CNY" period="monthly" estimated_cost="90">
					15
				</price>
				<price currency="CNY" period="quarterly" estimated_cost="136">
					68
				</price>
				<price currency="CNY" period="annually" estimated_cost="148">
					148
				</price>
			</platform>
		</price_list>
	</anime>
	<anime id="shanheshejitu" episode_num="unkown" update_cycle="weekly" isfinished="false">
		<name language="Chinese">山河社稷图</name>
		<images>
			<thumbnail size="100">https://i0.hdslb.com/bfs/bangumi/57dc8fdf8373f8c1facfc2911d50be1cfc6da18a.jpg@450w_600h.webp</thumbnail>
			<preview>https://i0.hdslb.com/bfs/bangumi/57dc8fdf8373f8c1facfc2911d50be1cfc6da18a.jpg@450w_600h.webp</preview>
		</images>
		<seasons current_season="1"/>
		<type>玄幻</type>
		<description>搞了半天，原来我们人类的世界其实不是真实世界，而是古代神祉女娲用法器『山河社稷图』创造出来的幻想世界。于是，在我们所身处的虚拟空间之外，还有一个充满仙术的真实世界。</description>
		<episode_list current_episode="20">
			<episode href="https://www.bilibili.com/bangumi/play/ep253578">1</episode>
		</episode_list>
		<price_list>
			<platform platform_name="bilibili">
				<price currency="CNY" period="monthly" estimated_cost="90">
					15
				</price>
				<price currency="CNY" period="quarterly" estimated_cost="136">
					68
				</price>
				<price currency="CNY" period="annually" estimated_cost="148">
					148
				</price>
			</platform>
		</price_list>
	</anime>
	<anime id="zhanshouzhiren" episode_num="unkown" update_cycle="weekly" isfinished="false">
		<name language="Chinese">斩兽之刃</name>
		<images>
			<thumbnail size="100">https://i0.hdslb.com/bfs/bangumi/7751442848f88978538c301a1930bdedf6bc0ea6.png@450w_600h.webp</thumbnail>
			<preview>https://i0.hdslb.com/bfs/bangumi/7751442848f88978538c301a1930bdedf6bc0ea6.png@450w_600h.webp</preview>
		</images>
		<seasons current_season="1"/>
		<type>动作</type>
		<description>为了拯救危在旦夕的永冬王国，一支名为“斩兽之刃”的复国小队带着复仇之心，潜入了致使永冬濒临绝境的罪魁祸首亚萨王国，不惜一切代价，势要夺取能够重启世界树核心的两把钥匙……</description>
		<episode_list current_episode="8">
			<episode href="https://www.bilibili.com/bangumi/play/ep256641">1</episode>
		</episode_list>
		<price_list>
			<platform platform_name="bilibili">
				<price currency="CNY" period="monthly" estimated_cost="90">
					15
				</price>
				<price currency="CNY" period="quarterly" estimated_cost="136">
					68
				</price>
				<price currency="CNY" period="annually" estimated_cost="148">
					148
				</price>
			</platform>
		</price_list>
	</anime>
	<anime id="gognzuoxibao" episode_num="13" update_cycle="weekly" isfinished="true">
		<name language="Chinese">工作细胞</name>
		<images>
			<thumbnail size="100">https://i0.hdslb.com/bfs/bangumi/f5d5f51b941c01f8b90b361b412dc75ecc2608d3.png@450w_600h.webp</thumbnail>
			<preview>https://i0.hdslb.com/bfs/bangumi/f5d5f51b941c01f8b90b361b412dc75ecc2608d3.png@450w_600h.webp</preview>
		</images>
		<seasons current_season="1"/>
		<type>搞笑</type>
		<description>这是一个关于你自身的故事。你体内的故事——。人的细胞数量，约为37兆2千亿个。细胞们在名为身体的世界中，今天也精神满满、无休无眠地在工作着。运送着氧气的红细胞，与细菌战斗的白细胞……！这里，有着细胞们不为人知的故事。</description>
		<episode_list current_episode="13">
			<episode href="https://www.bilibili.com/bangumi/play/ep232465">1</episode>
		</episode_list>
		<price_list>
			<platform platform_name="bilibili">
				<price currency="CNY" period="monthly" estimated_cost="15">
					15
				</price>
				<price currency="CNY" period="quarterly" estimated_cost="68">
					68
				</price>
				<price currency="CNY" period="annually" estimated_cost="148">
					148
				</price>
			</platform>
		</price_list>
	</anime>
	<anime id="hyldslzszydjs" episode_num="12" update_cycle="weekly" isfinished="true">
		<name language="Chinese">欢迎来到实力至上主义的教室</name>
		<images>
			<thumbnail size="100">https://i0.hdslb.com/bfs/bangumi/a79e331b7443ed5df5a2acd345dc41d598d46ff9.jpg@450w_600h.webp</thumbnail>
			<preview>https://i0.hdslb.com/bfs/bangumi/a79e331b7443ed5df5a2acd345dc41d598d46ff9.jpg@450w_600h.webp</preview>
		</images>
		<seasons current_season="1"/>
		<type>校园</type>
		<description>真正的实力，平等究竟是什么？几乎百分之百实现升学、就业目标的全国首屈一指的名门校──高度育成高等学校。这间简直如同乐园般的学校，真面目却是唯有优秀者才能享受优待的实力至上主义学校！绫小路清隆被分配到最底层的D班。在那里，他遇见了成绩优异个性却超难搞的美少女──堀北铃音，和由体贴与温柔所构成，天使般的少女──栉田桔梗。与她们的相遇，使清隆的态度逐渐改变。大人气作者组合所赠予的，全新学园默示录!?</description>
		<episode_list current_episode="12">
			<episode href="https://www.bilibili.com/bangumi/play/ep113353">1</episode>
		</episode_list>
		<price_list>
			<platform platform_name="bilibili">
				<price currency="CNY" period="monthly" estimated_cost="0">
					15
				</price>
				<price currency="CNY" period="quarterly" estimated_cost="0">
					68
				</price>
				<price currency="CNY" period="annually" estimated_cost="0">
					148
				</price>
			</platform>
		</price_list>
	</anime>
	<anime id="ailuomangalaoshi" episode_num="12" update_cycle="weekly" isfinished="true">
		<name language="Chinese">埃罗芒阿老师</name>
		<images>
			<thumbnail size="100">https://i0.hdslb.com/bfs/bangumi/a223b1376633625be1cd214c34d8bf34a1e03770.jpg@450w_600h.webp</thumbnail>
			<preview>https://i0.hdslb.com/bfs/bangumi/a223b1376633625be1cd214c34d8bf34a1e03770.jpg@450w_600h.webp</preview>
		</images>
		<seasons current_season="1"/>
		<type>恋爱</type>
		<description>高中生兼小说作家的“和泉正宗”（笔名：和泉征宗）有个家里蹲的妹妹“和泉纱雾”。一年前才成为家人的她，却完全不走出居室，并也用力踩踏地板，要我帮她准备食物。为了这段称不上“兄妹”的关系，正宗得想个办法让她自己走出居室才行，因为两人已是目前仅存能相依为命的“家人”……至于正宗的搭挡插画家“煽情漫画老师”，是个能够画出非常棒煽情图的可靠伙伴。虽然双方并没见过面，但我一直很感谢他！只是在某一天，正宗突然发现到一个冲击事实，那就是“煽情漫画老师”其实就是纱雾！？</description>
		<episode_list current_episode="12">
			<episode href="https://www.bilibili.com/bangumi/play/ep103917">1</episode>
		</episode_list>
		<price_list>
			<platform platform_name="bilibili">
				<price currency="CNY" period="monthly" estimated_cost="0">
					15
				</price>
				<price currency="CNY" period="quarterly" estimated_cost="0">
					68
				</price>
				<price currency="CNY" period="annually" estimated_cost="0">
					148
				</price>
			</platform>
		</price_list>
	</anime>
	<anime id="ziluolanyonghenghuayuan" episode_num="14" update_cycle="weekly" isfinished="true">
		<name language="Chinese">紫罗兰永恒花园</name>
		<images>
			<thumbnail size="100">https://i0.hdslb.com/bfs/bangumi/b6e3986355efc081b7f4aaf9f576c9ce8116e193.jpg@450w_600h.webp</thumbnail>
			<preview>https://i0.hdslb.com/bfs/bangumi/b6e3986355efc081b7f4aaf9f576c9ce8116e193.jpg@450w_600h.webp</preview>
		</images>
		<seasons current_season="1"/>
		<type>治愈</type>
		<description>某个大陆的、某个时代。大陆南北分割的战争结束了，世界走向了和平。在战争中作为军人的薇尔莉特•伊芙加登，怀抱着对她来说无比重要之人留下的“话语”，离开军队来到了大港口城市。踊跃的人群在排列着煤气灯的街道马路上来来往往地穿梭着。薇尔莉特在街道上找到了“代写书信”的工作。那是根据委托人的想法来组织出相应语言的工作。她直面委托人、触碰着他们内心深处的坦率感情。与此同时，薇尔莉特在记录书信时，渐渐明白那“话语”的含义。</description>
		<episode_list current_episode="14">
			<episode href="https://www.bilibili.com/bangumi/play/ep173286">1</episode>
		</episode_list>
		<price_list>
			<platform platform_name="bilibili">
				<price currency="CNY" period="monthly" estimated_cost="15">
					15
				</price>
				<price currency="CNY" period="quarterly" estimated_cost="68">
					68
				</price>
				<price currency="CNY" period="annually" estimated_cost="148">
					148
				</price>
			</platform>
		</price_list>
	</anime>
	<anime id="reclksdysjsh" episode_num="25" update_cycle="weekly" isfinished="true">
		<name language="Chinese">Re：从零开始的异世界生活</name>
		<images>
			<thumbnail size="100">https://i0.hdslb.com/bfs/bangumi/7c1f3ca60da441ffbc2425409ee2a5c379264568.jpg@450w_600h.webp</thumbnail>
			<preview>https://i0.hdslb.com/bfs/bangumi/7c1f3ca60da441ffbc2425409ee2a5c379264568.jpg@450w_600h.webp</preview>
		</images>
		<seasons current_season="1"/>
		<type>异世界</type>
		<description>在异世界陷入迷茫的普通高中生菜月昴，邂逅了一位银发的美少女。但想助她一臂之力的昴，却一次次地遭遇敌袭，背叛、暴力，甚至是死亡……“死亡重置”——无力的少年拥有的唯一能力，能将死后时间倒转回一开始。使用了这般力量，便会失去过去的回忆，可为了守护最重要的人们，昴必须抗争到底。“即使你忘却了我，我也不会遗忘你。”</description>
		<episode_list current_episode="25">
			<episode href="https://www.bilibili.com/bangumi/play/ep85754">1</episode>
		</episode_list>
		<price_list>
			<platform platform_name="bilibili">
				<price currency="CNY" period="monthly" estimated_cost="15">
					15
				</price>
				<price currency="CNY" period="quarterly" estimated_cost="68">
					68
				</price>
				<price currency="CNY" period="annually" estimated_cost="148">
					148
				</price>
			</platform>
		</price_list>
	</anime>
</animeList>